Record Group,Series,Series Name,Contents,Barcode,Notes
9225,006,George Caley Genealogical Research Files,Adams - Sussex County,514561,2 folders
9225,002,Conrad - Tatnall Genealogy,"Adams , Truitt",409469,
9225,006,George Caley Genealogical Research Files,Ake,514561,
9225,006,George Caley Genealogical Research Files,Albany,514561,
9225,006,George Caley Genealogical Research Files,Albright - Albrechts,514561,
9225,006,George Caley Genealogical Research Files,Alderson - Register Genealogy,514561,
9225,006,George Caley Genealogical Research Files,Alexander,514561,
9225,006,George Caley Genealogical Research Files,Alexander & Price,514561,
9225,002,Conrad - Tatnall Genealogy,Allee,409469,
9225,006,George Caley Genealogical Research Files,Allee,514562,9 folders
9225,001,Family Genealogies,Allee,409471,
9225,006,George Caley Genealogical Research Files,Allee/Alyea,514561,9  folders
9225,006,George Caley Genealogical Research Files,"Allison, Elizabeth",514562,
9225,001,Family Genealogies,"Alrich, Alricks",409471,
9225,002,Conrad - Tatnall Genealogy,Alricks,409469,
9225,001,Family Genealogies,"Alricks & land records, Baynard, Bostwick, Cardeen, Davis, Draper, Fisher, Freeman, Laws, Layton, Lindale, Luff, Marim, Parker, Polk, Reed, Tilney, Wharton",409471,labeled folder #1
9225,006,George Caley Genealogical Research Files,America - Millis - Caldwell - Price,514562,
9225,006,George Caley Genealogical Research Files,Anderson,514562,
9225,001,Family Genealogies,Anderson,409471,3 folders
9225,006,George Caley Genealogical Research Files,Anderson - Musgrove - McVey,514562,
9225,006,George Caley Genealogical Research Files,"Anderson, George",514562,
9225,006,George Caley Genealogical Research Files,"Anthony, Mary",514562,
9225,006,George Caley Genealogical Research Files,Appleby - Hoffecker,514562,
9225,006,George Caley Genealogical Research Files,Appleton,514562,
9225,006,George Caley Genealogical Research Files,Arrants,514562,
9225,006,George Caley Genealogical Research Files,"Asbury, Francis",514562,
9225,006,George Caley Genealogical Research Files,Ashcraft,514562,
9225,006,George Caley Genealogical Research Files,Aspendale - Downs Family,514562,
9225,001,Family Genealogies,"Atkins, Adkins",409471,
9225,001,Family Genealogies,Atwater,409471,
9225,006,George Caley Genealogical Research Files,Aurellius,514562,
9225,002,Conrad - Tatnall Genealogy,Aydellotte,409469,
9225,001,Family Genealogies,Ayres and allied families,409471,
9225,006,George Caley Genealogical Research Files,Bacon,514563,
9225,001,Family Genealogies,"Badley, Bradley",409471,
9225,006,George Caley Genealogical Research Files,"Bailey, Mason",514563,
9225,006,George Caley Genealogical Research Files,"Bailey, Thomas D.",514563,
9225,000,McCurdy Genealogy,"Bainum, Baynum, Banum, Bennam, Bainham, Bayham",409485,
9225,006,George Caley Genealogical Research Files,Baker,514563,
9225,006,George Caley Genealogical Research Files,Baldwin,514563,
9225,001,Family Genealogies,Baldwin,409471,
9225,002,Conrad - Tatnall Genealogy,Ball,409469,
9225,001,Family Genealogies,"Banning, Lowber",409471,
9225,003,Caleb McGee Genealogy,"Barber, Barbour",409484,
9225,006,George Caley Genealogical Research Files,"Barcus, William",514563,
9225,002,Conrad - Tatnall Genealogy,Barker,409469,
9225,006,George Caley Genealogical Research Files,Barnes,514563,
9225,006,George Caley Genealogical Research Files,Barnes - Heavelo,514563,
9225,006,George Caley Genealogical Research Files,"Barr, Rosa and Lee",514563,
9225,006,George Caley Genealogical Research Files,"Barren Island (ME Church Records) Dorchester Co, MD",514563,
9225,002,Conrad - Tatnall Genealogy,Bassett,409469,
9225,002,Conrad - Tatnall Genealogy,Bayard,409469,
9225,002,Conrad - Tatnall Genealogy,"Bayley, Bailey",409469,
9225,001,Family Genealogies,Baylis,409471,
9225,006,George Caley Genealogical Research Files,Baynard,514563,
9225,006,George Caley Genealogical Research Files,Baynard House,514563,
9225,006,George Caley Genealogical Research Files,"Bayne, Nathaniel",514563,
9225,006,George Caley Genealogical Research Files,"Beach, Harry",514563,
9225,001,Family Genealogies,Bean,409471,
9225,006,George Caley Genealogical Research Files,Bear,514563,
9225,006,George Caley Genealogical Research Files,Bear Branch on Duck Creek,514563,
9225,006,George Caley Genealogical Research Files,Beaston,514563,
9225,006,George Caley Genealogical Research Files,Beauchamp,514563,2 folders
9225,006,George Caley Genealogical Research Files,"Beck, Edward, John",514563,
9225,006,George Caley Genealogical Research Files,"Beck, William - Ford, Mary",514563,
9225,006,George Caley Genealogical Research Files,Bedwell - Archer,514563,
9225,002,Conrad - Tatnall Genealogy,Bell,409469,
9225,006,George Caley Genealogical Research Files,Bell - Hoffecker,514563,
9225,006,George Caley Genealogical Research Files,"Bell, Henry and Martha",514563,
9225,006,George Caley Genealogical Research Files,"Bender, Isaac",514563,
9225,006,George Caley Genealogical Research Files,"Benjamin, Fannie Ann - Anderson, John Burke",514563,
9225,006,George Caley Genealogical Research Files,Benn - Jackson - Wilson - Scout,514563,
9225,001,Family Genealogies,Bennett,409471,
9225,001,Family Genealogies,Bennum,409471,
9225,006,George Caley Genealogical Research Files,Benson,514563,
9225,006,George Caley Genealogical Research Files,Benson,514564,7 folders
9225,006,George Caley Genealogical Research Files,"Benson, George",514564,
9225,006,George Caley Genealogical Research Files,"Benson, Zacheus",514564,
9225,001,Family Genealogies,Berry,409471,
9225,006,George Caley Genealogical Research Files,"Berry, Morris",514564,
9225,006,George Caley Genealogical Research Files,Bethards,514564,
9225,006,George Caley Genealogical Research Files,Betts,514564,
9225,006,George Caley Genealogical Research Files,Bevan,514564,
9225,006,George Caley Genealogical Research Files,"Bevans, Rowland",514564,
9225,001,Family Genealogies,Bickling,409471,
9225,006,George Caley Genealogical Research Files,Biddle,514565,
9225,006,George Caley Genealogical Research Files,Birch - Wilson,514565,
9225,001,Family Genealogies,Bird,409471,
9225,001,Family Genealogies,Bishop,409471,
9225,006,George Caley Genealogical Research Files,Black Education in Delaware,514565,
9225,002,Conrad - Tatnall Genealogy,Blackiston,409469,
9225,006,George Caley Genealogical Research Files,Blackiston,514565,
9225,001,Family Genealogies,Blackiston and Cummins,409471,
9225,006,George Caley Genealogical Research Files,Blackiston's Church Records - ME,514565,
9225,001,Family Genealogies,Blendt,409471,
9225,001,Family Genealogies,Blizzard,409471,
9225,001,Family Genealogies,"Blocksom, Blockson, Bloxam, Bloxham",405086,6 folders
9225,002,Conrad - Tatnall Genealogy,"Blocksom, Jones",409469,
9225,001,Family Genealogies,"Blocksom, Vaughan",472224,
9225,006,George Caley Genealogical Research Files,"Boggs, Leipsic, Delaware",514565,
9225,006,George Caley Genealogical Research Files,Bonwill - Grier,514565,
9225,006,George Caley Genealogical Research Files,Boone,514565,
9225,006,George Caley Genealogical Research Files,Booth,514565,
9225,001,Family Genealogies,Boulden,472224,
9225,006,George Caley Genealogical Research Files,Boulden's Chapel,514565,
9225,001,Family Genealogies,Bowdle,472224,
9225,001,Family Genealogies,Bowman,472224,
9225,006,George Caley Genealogical Research Files,Boynton,514565,
9225,001,Family Genealogies,"Boys, Boyce",472224,
9225,005,Janice Carper Genealogy,Bradford,510548,
9225,001,Family Genealogies,Bradford,472224,
9225,006,George Caley Genealogical Research Files,"Bradford, Samuel",514565,
9225,006,George Caley Genealogical Research Files,"Bramble, Graham",514565,
9225,006,George Caley Genealogical Research Files,"Bramble, Mealy",514565,
9225,001,Family Genealogies,Brannock,472224,
9225,006,George Caley Genealogical Research Files,Bratton,514565,
9225,001,Family Genealogies,"Brinkle, oversize",472719,L3 03124
9225,006,George Caley Genealogical Research Files,Brinton - Westervelt,514565,
9225,001,Family Genealogies,"Bromley, Sipple, oversize",472719,L3 03124
9225,001,Family Genealogies,Brown,472224,
9225,006,George Caley Genealogical Research Files,Brown,514565,
9225,002,Conrad - Tatnall Genealogy,Brown,409469,
9225,006,George Caley Genealogical Research Files,Brown - McNatt Families,514565,
9225,006,George Caley Genealogical Research Files,"Brown, Solomon",514565,
9225,006,George Caley Genealogical Research Files,"Brown, Tilghmon",514565,
9225,001,Family Genealogies,"Brown.  ""Ancestors of Barbara Jane Brown""",472224,
9225,001,Family Genealogies,Bryan,472224,
9225,006,George Caley Genealogical Research Files,Bryn Zion Baptist Church,514565,
9225,006,George Caley Genealogical Research Files,"Buchanan, Lewis Thomas",514565,
9225,002,Conrad - Tatnall Genealogy,Buckley,409469,
9225,002,Conrad - Tatnall Genealogy,Bunker,409469,
9225,006,George Caley Genealogical Research Files,Bunting,514565,
9225,006,George Caley Genealogical Research Files,"Burbage, Edward",514565,
9225,001,Family Genealogies,Burgess,472224,
9225,006,George Caley Genealogical Research Files,Burrows (Burrough),514565,
9225,001,Family Genealogies,Burton,472224,
9225,000,McCurdy Genealogy,Burton Family,409485,Newspaper Clippings
9225,000,McCurdy Genealogy,Burton Family,409485,2 folders
9225,001,Family Genealogies,"Burton, John",472224,
9225,000,McCurdy Genealogy,"Burton, Mary graduation",409485,West Chester Republican
9225,001,Family Genealogies,"Byrne, Byrnes",472224,
9225,001,Family Genealogies,"Cabell, Blockson",405086,
9225,006,George Caley Genealogical Research Files,Cael,514565,
9225,006,George Caley Genealogical Research Files,"Cahall, Solomon and his descendents",514565,
9225,006,George Caley Genealogical Research Files,Cahoon,514566,9 folders
9225,006,George Caley Genealogical Research Files,"Cahoon (Benson, Ricketts, Brown, Cotton, Jones",514566,2 folders
9225,006,George Caley Genealogical Research Files,"Cahoon (Benson, Ricketts, Brown,Nelson, Cotton, Jones",514565,2 folders
9225,006,George Caley Genealogical Research Files,"Cahoon (Benson, Ricketts, Browns, Nelsons, Cottons)",514566,2 folders
9225,006,George Caley Genealogical Research Files,"Cahoon (Bensons, Ricketts, Browns Nelsons, Cottons)",514567,6 folders
9225,006,George Caley Genealogical Research Files,Cahoon (Brown - Nelson - Cotton - Jones - Benson,514565,
9225,006,George Caley Genealogical Research Files,Cahoons (no Delaware),514567,2 folders
9225,001,Family Genealogies,Caldwell,472224,
9225,002,Conrad - Tatnall Genealogy,Caldwell,409469,
9225,001,Family Genealogies,Callaway,472224,
9225,006,George Caley Genealogical Research Files,"Callaway, James Ernest Joseph, Ella",514567,
9225,001,Family Genealogies,"Campbell, John",472224,
9225,001,Family Genealogies,"Campbell, McCabe, Hudson, Long",472224,
9225,006,George Caley Genealogical Research Files,"Cann, Benjamin",514567,
9225,006,George Caley Genealogical Research Files,"Cannon -  Newton, James",514567,
9225,006,George Caley Genealogical Research Files,"Cannon, Isaac - Thomas, Nancy -parents of Clements",514567,
9225,006,George Caley Genealogical Research Files,"Cannon,Clement",514567,
9225,001,Family Genealogies,Cardeen,472224,
9225,001,Family Genealogies,Carey,472224,2 folders
9225,001,Family Genealogies,"Carey, John",472224,
9225,006,George Caley Genealogical Research Files,"Carey, John P. - Keiser, Catharine Elizabeth",514567,
9225,006,George Caley Genealogical Research Files,"Carey, William C. (Sussex Co.)",514567,
9225,001,Family Genealogies,Carlisle,472224,
9225,006,George Caley Genealogical Research Files,Carlisle - Pemberton,514567,
9225,006,George Caley Genealogical Research Files,"Carlisle, Zacharia(h) (Zechariah)",514567,
9225,001,Family Genealogies,Carmine,472224,
9225,006,George Caley Genealogical Research Files,Carr Family - anyone living in Smyrna in 1968,514567,
9225,006,George Caley Genealogical Research Files,"Carr, Susan - Recognizance Docket, Georgetown 1912",514567,
9225,005,Janice Carper Genealogy,Carrow - Bird,510548,
9225,001,Family Genealogies,"Carswell, Addands",472224,
9225,002,Conrad - Tatnall Genealogy,Carter,409469,
9225,002,Conrad - Tatnall Genealogy,"Cary, Wilson, Rickards",409469,
9225,001,Family Genealogies,"Case, Barton, Harris, Stack, Ross, and Meloney",409474,
9225,006,George Caley Genealogical Research Files,"Case, Charles d 1906",514567,
9225,006,George Caley Genealogical Research Files,"Casperson, William",514567,
9225,005,Janice Carper Genealogy,Cass - Robinson,510548,
9225,006,George Caley Genealogical Research Files,Caton in New York related to Caton in Delaware?,514567,
9225,006,George Caley Genealogical Research Files,"Caulk, Lambeth - Sussex Couty, 178t & others",514567,
9225,006,George Caley Genealogical Research Files,Caulk; Cork; Cook,514567,
9225,006,George Caley Genealogical Research Files,"Cavender, John A. - Frances A. R. - buried in Glennwood - Voshell, Mary E - buried",514567,
9225,006,George Caley Genealogical Research Files,"Cavender, Robert - Sarah, his wife",514567,
9225,006,George Caley Genealogical Research Files,"Cecil County, MD, Genealogical Society",514567,
9225,006,George Caley Genealogical Research Files,"Chance, Emmanuel - Murphy, Comfort",514567,
9225,002,Conrad - Tatnall Genealogy,Chandlee,409469,
9225,001,Family Genealogies,Chandler,409474,
9225,001,Family Genealogies,"Chatham, Comegys",409474,
9225,006,George Caley Genealogical Research Files,"Cheffins, James",514567,
9225,006,George Caley Genealogical Research Files,"Chesser, Henry Thomas - Family of",514567,
9225,006,George Caley Genealogical Research Files,Chicken Family of Duck Creek - buried in Quaker Cemetery,514567,
9225,001,Family Genealogies,Chipman,409474,
9225,006,George Caley Genealogical Research Files,"Chipman, Mary - Shields, John",514567,
9225,006,George Caley Genealogical Research Files,"Chipman, Perez (Paris) Senior",514567,
9225,006,George Caley Genealogical Research Files,Civil War Study,514567,
9225,006,George Caley Genealogical Research Files,Clampit(t),514568,
9225,006,George Caley Genealogical Research Files,Clark,514568,
9225,001,Family Genealogies,Clark,409474,
9225,001,Family Genealogies,Clayton,409474,
9225,002,Conrad - Tatnall Genealogy,Clayton,409469,
9225,006,George Caley Genealogical Research Files,Clayton RR Station Postcards,514568,
9225,001,Family Genealogies,"Clayton, McComb",409474,
9225,006,George Caley Genealogical Research Files,Cleaver,514568,
9225,001,Family Genealogies,"Cleaver,Hardesty",409474,2 folders
9225,006,George Caley Genealogical Research Files,Clemens,514568,
9225,001,Family Genealogies,Clements,409474,2 folders
9225,001,Family Genealogies,Clifton,409474,
9225,006,George Caley Genealogical Research Files,Clifton,514568,
9225,006,George Caley Genealogical Research Files,Cloud,514568,
9225,006,George Caley Genealogical Research Files,Clough,514568,
9225,001,Family Genealogies,Clowes,409474,2 folders
9225,006,George Caley Genealogical Research Files,Clymer,514568,
9225,006,George Caley Genealogical Research Files,"Cochran, McColley, Potter, Sutherland",514568,
9225,006,George Caley Genealogical Research Files,Coffin/Coffan,514568,
9225,006,George Caley Genealogical Research Files,Cole,514568,
9225,006,George Caley Genealogical Research Files,Coley,514568,
9225,004,"Rash, Hoffecker, Thomas, and Related Families",Collection Background,409490,
9225,006,George Caley Genealogical Research Files,Collins,514568,
9225,001,Family Genealogies,Collins,409475,4 folders
9225,006,George Caley Genealogical Research Files,Collins (Governor Thomas Collins),514568,
9225,006,George Caley Genealogical Research Files,Collins (Sussex County),514568,
9225,006,George Caley Genealogical Research Files,Comegys,514568,
9225,001,Family Genealogies,Comegys,409475,
9225,001,Family Genealogies,"Connell, Faber, Heckrotte",409475,
9225,006,George Caley Genealogical Research Files,"Conner - Connor, Tombleson (Tomlison), Elizabeth Van Zandr, Mary",514568,
9225,006,George Caley Genealogical Research Files,"Conner, John A. - Alee descendent",514568,2 folders
9225,006,George Caley Genealogical Research Files,"Conner, Patrick - Alee descendent",514568,3 folders
9225,006,George Caley Genealogical Research Files,Conners ( Mdrklhd 1800's issue fo Dennis),514568,2 folders
9225,002,Conrad - Tatnall Genealogy,Conrad,409469,
9225,002,Conrad - Tatnall Genealogy,"Conrad, H.C",409469,Correspondence re History of Delaware
9225,006,George Caley Genealogical Research Files,Cookson,514569,
9225,006,George Caley Genealogical Research Files,Coombe,514569,3 folders
9225,006,George Caley Genealogical Research Files,Coombe and related families,514569,3 folders
9225,006,George Caley Genealogical Research Files,Cooper,514569,
9225,001,Family Genealogies,Cooper,409475,
9225,001,Family Genealogies,"Cooper, Sherwood, Hall, Lowber, Broadway, Berry",409475,
9225,001,Family Genealogies,"Cooper, Sherwood, Hall, Moor",409475,
9225,001,Family Genealogies,"Cope, Addenda",409475,
9225,000,McCurdy Genealogy,Correspondence- Genealogy,409486,1967-1985
9225,006,George Caley Genealogical Research Files,Cosden,514569,
9225,001,Family Genealogies,Coulbourn,409475,
9225,006,George Caley Genealogical Research Files,"Counsellor, Councilor (Conselor)",514569,
9225,006,George Caley Genealogical Research Files,"Covell/Covill, Eldridge",514569,
9225,006,George Caley Genealogical Research Files,Covington,514569,
9225,006,George Caley Genealogical Research Files,Cowgill Reunion,514569,
9225,001,Family Genealogies,"Cowgill, Croasdale, Hathornthwaite",409475,
9225,002,Conrad - Tatnall Genealogy,"Cranor, Morris",409469,
9225,002,Conrad - Tatnall Genealogy,"Craven, Vandegrift",409469,
9225,001,Family Genealogies,Crawford,409475,
9225,006,George Caley Genealogical Research Files,Crawford,514569,
9225,006,George Caley Genealogical Research Files,Creamer,514569,
9225,006,George Caley Genealogical Research Files,Creed,514569,
9225,006,George Caley Genealogical Research Files,Crockett,514569,2 folders
9225,006,George Caley Genealogical Research Files,"Crouch, Dulaney",514569,
9225,006,George Caley Genealogical Research Files,Crow,514569,
9225,006,George Caley Genealogical Research Files,Crowers,514569,
9225,001,Family Genealogies,Crowne,409475,
9225,006,George Caley Genealogical Research Files,"Culbreth, Sudler, Black, Price",514570,2 folders
9225,006,George Caley Genealogical Research Files,"Culbreth, Thompson, Price, Black, Sudler",514569,2 folders
9225,001,Family Genealogies,Cummins,409474,
9225,006,George Caley Genealogical Research Files,Cummins,514570,2 folders
9225,006,George Caley Genealogical Research Files,"Cunningham, Scull",514570,
9225,000,McCurdy Genealogy,Curtis,409485,Family Bible
9225,001,Family Genealogies,Curtis,409475,
9225,001,Family Genealogies,"Daisey, Dazey",409475,
9225,006,George Caley Genealogical Research Files,"Danger, Edward",514570,
9225,000,McCurdy Genealogy,Darlington Seminary,409486,"West Chester Republican June 17,1890"
9225,006,George Caley Genealogical Research Files,David,514570,
9225,001,Family Genealogies,Davis,409475,2 folders
9225,000,McCurdy Genealogy,Davis,409487,
9225,006,George Caley Genealogical Research Files,Davis,514570,
9225,001,Family Genealogies,Davis,472719,
9225,001,Family Genealogies,Davis,472722,
9225,001,Family Genealogies,"Davis, Draper",472720,
9225,001,Family Genealogies,"Davis, Draper, Holland, Sipple",472723,
9225,006,George Caley Genealogical Research Files,"Davis, Henry Isaac - Smith, James, Blair",514570,
9225,006,George Caley Genealogical Research Files,"Davis, Isaac (Judge)",514570,
9225,006,George Caley Genealogical Research Files,"Davis, Joshua - Turner",514570,
9225,001,Family Genealogies,"Davis, Layton, Stewart",409475,
9225,006,George Caley Genealogical Research Files,"Davis, Samuel Parker",514570,
9225,006,George Caley Genealogical Research Files,Dawson,514570,
9225,001,Family Genealogies,Day,472719,
9225,001,Family Genealogies,Day,409475,
9225,002,Conrad - Tatnall Genealogy,De Vou,409470,
9225,006,George Caley Genealogical Research Files,Deakyne,514570,
9225,006,George Caley Genealogical Research Files,Dean,514570,
9225,006,George Caley Genealogical Research Files,Decatur,514570,
9225,001,Family Genealogies,Delancy,409475,
9225,001,Family Genealogies,Delaplaine,409475,2 folders
9225,004,"Rash, Hoffecker, Thomas, and Related Families",Delaware Census,409490,2 folders
9225,004,"Rash, Hoffecker, Thomas, and Related Families",Delaware Clippings and Rash,409490,2 folders
9225,006,George Caley Genealogical Research Files,Delaware History,514570,2 folders
9225,006,George Caley Genealogical Research Files,Delaware Marriage Index,514570,
9225,006,George Caley Genealogical Research Files,Denney,514570,
9225,006,George Caley Genealogical Research Files,"Denney (Denny), Philip",514570,2 folders
9225,006,George Caley Genealogical Research Files,"Denney (Denny), Robert",514570,
9225,001,Family Genealogies,Deputy,409475,3 folders
9225,000,McCurdy Genealogy,Derrickson,409487,
9225,001,Family Genealogies,Derrickson,409475,
9225,000,McCurdy Genealogy,Derrickson,409485,
9225,002,Conrad - Tatnall Genealogy,Deweese,409470,
9225,006,George Caley Genealogical Research Files,Dewess,514570,
9225,006,George Caley Genealogical Research Files,Dick,514570,
9225,001,Family Genealogies,Dickerson,509451,
9225,006,George Caley Genealogical Research Files,Dickinson,514571,
9225,001,Family Genealogies,Dickinson,409475,
9225,001,Family Genealogies,Dickinson,472719,
9225,006,George Caley Genealogical Research Files,Dickinson (material),514570,
9225,006,George Caley Genealogical Research Files,Dill,514571,
9225,001,Family Genealogies,Dill,409475,
9225,001,Family Genealogies,Dirickson,409475,
9225,006,George Caley Genealogical Research Files,Dodd,514571,
9225,006,George Caley Genealogical Research Files,Dodson,514571,
9225,006,George Caley Genealogical Research Files,Donoho,514571,
9225,001,Family Genealogies,Donovan,409475,
9225,006,George Caley Genealogical Research Files,Dorchester,514571,
9225,001,Family Genealogies,Drapers,409476,
9225,001,Family Genealogies,du Pont,409476,
9225,001,Family Genealogies,Du Val,409476,
9225,006,George Caley Genealogical Research Files,Duck Creek Information,514571,
9225,006,George Caley Genealogical Research Files,Dulin,514571,
9225,006,George Caley Genealogical Research Files,Dunwiddle,514571,
9225,002,Conrad - Tatnall Genealogy,DuPont,409470,
9225,006,George Caley Genealogical Research Files,Durham,514571,
9225,000,McCurdy Genealogy,Durham,409485,
9225,001,Family Genealogies,DuVall,409476,
9225,006,George Caley Genealogical Research Files,Edge,514571,
9225,006,George Caley Genealogical Research Files,Eisenbrey,514571,
9225,006,George Caley Genealogical Research Files,Elcock,514571,
9225,006,George Caley Genealogical Research Files,Ellars,514571,2 folders
9225,001,Family Genealogies,Ellegood,409476,
9225,006,George Caley Genealogical Research Files,Elliott(Abel),514571,
9225,006,George Caley Genealogical Research Files,Elzey,514571,
9225,006,George Caley Genealogical Research Files,Embon,514571,
9225,006,George Caley Genealogical Research Files,Emerson,514571,
9225,006,George Caley Genealogical Research Files,Enos,514571,
9225,006,George Caley Genealogical Research Files,Episcopal Information,514571,
9225,006,George Caley Genealogical Research Files,Evans,514571,
9225,006,George Caley Genealogical Research Files,Ewing,514571,
9225,006,George Caley Genealogical Research Files,Fallin,514571,
9225,006,George Caley Genealogical Research Files,Farabee,514571,
9225,006,George Caley Genealogical Research Files,Faries,514571,
9225,001,Family Genealogies,Farley,409476,
9225,006,George Caley Genealogical Research Files,"Farrow, S.",514571,
9225,006,George Caley Genealogical Research Files,Farson Genealogy,514571,
9225,001,Family Genealogies,Faucett,409476,
9225,001,Family Genealogies,Faulkner,409476,
9225,006,George Caley Genealogical Research Files,Fee Information,514571,3 folders
9225,001,Family Genealogies,"Fell, Mary Lavina",409476,
9225,001,Family Genealogies,Fennimore,409476,
9225,006,George Caley Genealogical Research Files,"Ferfuson, John",514571,
9225,006,George Caley Genealogical Research Files,Ferguson's House,514571,
9225,006,George Caley Genealogical Research Files,Fiederlein,514571,
9225,006,George Caley Genealogical Research Files,Finley,514571,
9225,006,George Caley Genealogical Research Files,Fippen/Phippen,514571,
9225,006,George Caley Genealogical Research Files,First Presbyterian Church,514584,2 folders
9225,001,Family Genealogies,Fisher,409476,2 folders
9225,002,Conrad - Tatnall Genealogy,Fisher,409470,
9225,001,Family Genealogies,"Fitzgerald, Jarrell, Gerald, Fitzjarrell",409476,2 folders
9225,006,George Caley Genealogical Research Files,Fleetwood,514571,
9225,006,George Caley Genealogical Research Files,Fleming,514571,
9225,006,George Caley Genealogical Research Files,Fontaine,514572,
9225,006,George Caley Genealogical Research Files,Footprints of the Past,514572,
9225,006,George Caley Genealogical Research Files,Ford Genealogy,514572,2 folders
9225,001,Family Genealogies,"Ford, Gillis",409476,
9225,006,George Caley Genealogical Research Files,Forkum,514572,
9225,006,George Caley Genealogical Research Files,Forman,514572,
9225,005,Janice Carper Genealogy,Forrest,510548,
9225,006,George Caley Genealogical Research Files,Fortner,514572,
9225,006,George Caley Genealogical Research Files,Foster,514572,
9225,006,George Caley Genealogical Research Files,Fowler,514572,
9225,006,George Caley Genealogical Research Files,Francis,514572,
9225,001,Family Genealogies,Frazer,409476,
9225,006,George Caley Genealogical Research Files,Frazier,514572,
9225,001,Family Genealogies,Frazier,409476,
9225,006,George Caley Genealogical Research Files,Freeland,514572,
9225,006,George Caley Genealogical Research Files,Freeman,514572,
9225,006,George Caley Genealogical Research Files,Frump,514572,
9225,000,McCurdy Genealogy,Furman,409485,
9225,006,George Caley Genealogical Research Files,Gafford,514572,
9225,006,George Caley Genealogical Research Files,Ganoe,514572,
9225,006,George Caley Genealogical Research Files,Gardner,514572,
9225,001,Family Genealogies,"Gardner, Stidham",493645,
9225,006,George Caley Genealogical Research Files,Garrison,514572,
9225,001,Family Genealogies,Gawthrop,493645,
9225,006,George Caley Genealogical Research Files,Gawthrop,514572,
9225,000,McCurdy Genealogy,George,409487,
9225,002,Conrad - Tatnall Genealogy,Gibbons,409470,
9225,001,Family Genealogies,Gibbons,493645,
9225,006,George Caley Genealogical Research Files,Gibbs,514572,
9225,001,Family Genealogies,Gibbs,493645,
9225,006,George Caley Genealogical Research Files,Gilder,514572,
9225,006,George Caley Genealogical Research Files,Godwin,514572,
9225,006,George Caley Genealogical Research Files,Golden Mine,514572,
9225,006,George Caley Genealogical Research Files,Goldsborough,514572,
9225,006,George Caley Genealogical Research Files,Gordon,514572,
9225,000,McCurdy Genealogy,"Goslee, Gosle, Gosly, Gosling",409485,
9225,001,Family Genealogies,Graden,493645,
9225,006,George Caley Genealogical Research Files,Graham,514572,
9225,001,Family Genealogies,"Graham, Robert",493645,2 folders
9225,006,George Caley Genealogical Research Files,Gray,514572,
9225,006,George Caley Genealogical Research Files,Green,514572,
9225,001,Family Genealogies,Green,493645,2 folders
9225,006,George Caley Genealogical Research Files,Greenage,514572,
9225,001,Family Genealogies,Greenlee,493645,
9225,001,Family Genealogies,Greenwalt,493645,
9225,001,Family Genealogies,Gremmill,493645,
9225,001,Family Genealogies,Grenoble,493645,
9225,006,George Caley Genealogical Research Files,Grewer,514572,
9225,001,Family Genealogies,Grier,493645,
9225,006,George Caley Genealogical Research Files,Griffin,514572,
9225,006,George Caley Genealogical Research Files,Griffith,514572,
9225,006,George Caley Genealogical Research Files,Griscom,514572,
9225,001,Family Genealogies,Groves,493645,
9225,001,Family Genealogies,Gruwell,493645,
9225,006,George Caley Genealogical Research Files,Gruwell Genealogy,514572,
9225,006,George Caley Genealogical Research Files,Guessford,514572,
9225,006,George Caley Genealogical Research Files,Gum,514572,
9225,006,George Caley Genealogical Research Files,Hackett,514572,
9225,006,George Caley Genealogical Research Files,Hackney,514572,
9225,001,Family Genealogies,Hall,515015,
9225,001,Family Genealogies,Hall,409477,2 folders
9225,002,Conrad - Tatnall Genealogy,Hall,409470,2 folders
9225,001,Family Genealogies,Hall,515014,
9225,006,George Caley Genealogical Research Files,Hall Genealogy,514573,
9225,001,Family Genealogies,"Hall, Collins and Allied Families",503879,2 volumes.  Formerly CS71 .H175 .S891  Includes photos.
9225,006,George Caley Genealogical Research Files,Hammond,514573,
9225,001,Family Genealogies,Hancock,409477,
9225,006,George Caley Genealogical Research Files,Hancock,514573,
9225,006,George Caley Genealogical Research Files,Handy,514573,
9225,002,Conrad - Tatnall Genealogy,Hanson,409470,
9225,006,George Caley Genealogical Research Files,Hanson,514573,
9225,001,Family Genealogies,"Hanson, Howell",409477,
9225,006,George Caley Genealogical Research Files,Happy,514573,
9225,006,George Caley Genealogical Research Files,Hardcastle,514573,2 folders
9225,001,Family Genealogies,Hardesty,409477,
9225,001,Family Genealogies,Hargadine,409477,
9225,001,Family Genealogies,Harlan,409477,
9225,006,George Caley Genealogical Research Files,Harney,514573,
9225,006,George Caley Genealogical Research Files,Harper,514573,
9225,001,Family Genealogies,Harrington,409477,
9225,006,George Caley Genealogical Research Files,Harrington,514573,
9225,001,Family Genealogies,Harris,409477,
9225,006,George Caley Genealogical Research Files,Harwood Collection,514573,
9225,006,George Caley Genealogical Research Files,Haslet,514573,
9225,001,Family Genealogies,Haslet,409477,2 folders
9225,001,Family Genealogies,"Haslet, Mitchell, O'Kane",409477,
9225,001,Family Genealogies,Hastings,409477,
9225,006,George Caley Genealogical Research Files,Hastings,514573,
9225,006,George Caley Genealogical Research Files,Hatton,514573,
9225,006,George Caley Genealogical Research Files,Hayes,514573,
9225,006,George Caley Genealogical Research Files,Hazel,514573,
9225,006,George Caley Genealogical Research Files,Hazell,514573,
9225,002,Conrad - Tatnall Genealogy,Hazzard,409470,
9225,002,Conrad - Tatnall Genealogy,Heald,409470,
9225,001,Family Genealogies,Hearn,472719,
9225,001,Family Genealogies,"Hearn Family Tree, ca. 1627-1980",472719,
9225,006,George Caley Genealogical Research Files,Heather,514573,
9225,001,Family Genealogies,Heathered,409477,
9225,001,Family Genealogies,Heavelo,409477,
9225,001,Family Genealogies,Hedges,409477,
9225,002,Conrad - Tatnall Genealogy,Hedges,409470,
9225,000,McCurdy Genealogy,"Hemmons, Hemons, Himmons, Hemans, Hemmings, Hemans, Hemings",409485,
9225,006,George Caley Genealogical Research Files,Henderson,514573,
9225,006,George Caley Genealogical Research Files,"Hewes, Isabel",514573,
9225,006,George Caley Genealogical Research Files,Hickman,514573,
9225,006,George Caley Genealogical Research Files,Hil(l)yard Genealogy,514573,
9225,002,Conrad - Tatnall Genealogy,Hill,409470,
9225,006,George Caley Genealogical Research Files,Hill,514573,
9225,005,Janice Carper Genealogy,Hill,510548,
9225,002,Conrad - Tatnall Genealogy,Hillyard,409470,2 folders
9225,006,George Caley Genealogical Research Files,History of Asbury M. E. Church,514573,
9225,001,Family Genealogies,Hitch,409477,
9225,001,Family Genealogies,Hoag,409477,
9225,002,Conrad - Tatnall Genealogy,Hodgson,409470,
9225,006,George Caley Genealogical Research Files,Hoey,514573,
9225,006,George Caley Genealogical Research Files,Hoffecker  & Related families,514574,7 folders
9225,006,George Caley Genealogical Research Files,Hoffecker  & Related families,514575,2 folders
9225,006,George Caley Genealogical Research Files,Hoffecker  (Correspondence),514575,3 folders
9225,006,George Caley Genealogical Research Files,Hoffecker  (Genealogical Charts),514575,2 folders
9225,004,"Rash, Hoffecker, Thomas, and Related Families","Hoffecker Births, Marriages, and Deaths",409490,
9225,006,George Caley Genealogical Research Files,Hoffecker Genealogy,514574,4 folders
9225,006,George Caley Genealogical Research Files,Hoffecker Genealogy,514573,3 folders
9225,006,George Caley Genealogical Research Files,"Hoffecker, Joseph (owner of present Delaware house or Scott's Nursing Home)",514575,
9225,006,George Caley Genealogical Research Files,"Hoffecker, Rachel V. G. (Portrait)",514575,
9225,006,George Caley Genealogical Research Files,"Hoffeckers, Helen Spencer",514575,3  folders
9225,006,George Caley Genealogical Research Files,"Hogg - Maffitt, Peach",514576,2 folders
9225,006,George Caley Genealogical Research Files,"Hogg - Maffitt, Peach",514575,
9225,006,George Caley Genealogical Research Files,Holland,514576,
9225,001,Family Genealogies,Holland,409477,3 folders
9225,006,George Caley Genealogical Research Files,Holliday,514576,
9225,006,George Caley Genealogical Research Files,Hollingsworths,514576,
9225,006,George Caley Genealogical Research Files,Holt,514576,
9225,000,McCurdy Genealogy,Hopkins,409485,
9225,006,George Caley Genealogical Research Files,Horn,514576,
9225,002,Conrad - Tatnall Genealogy,Horsey,409470,
9225,001,Family Genealogies,"Horsey, Revell, Hazzard, Wolfe",409477,
9225,006,George Caley Genealogical Research Files,Hough,514576,
9225,006,George Caley Genealogical Research Files,Houston,514576,
9225,001,Family Genealogies,Houston,409477,
9225,006,George Caley Genealogical Research Files,Howell,514576,
9225,001,Family Genealogies,Howes,409477,
9225,006,George Caley Genealogical Research Files,Howlett,514576,
9225,001,Family Genealogies,Hudson,409477,2 folders
9225,006,George Caley Genealogical Research Files,"Hudson - Surgen, Marce, Nelson, Robson",514576,
9225,006,George Caley Genealogical Research Files,Huffington,514576,
9225,006,George Caley Genealogical Research Files,Hukill,514576,
9225,006,George Caley Genealogical Research Files,Hulett,514576,
9225,001,Family Genealogies,Hunn,409477,
9225,006,George Caley Genealogical Research Files,Hurd,514576,
9225,006,George Caley Genealogical Research Files,Hurst,514576,
9225,006,George Caley Genealogical Research Files,Hyatt,514576,
9225,006,George Caley Genealogical Research Files,Hyland,514576,
9225,006,George Caley Genealogical Research Files,Information,514576,
9225,006,George Caley Genealogical Research Files,Inglis,514576,
9225,006,George Caley Genealogical Research Files,Ingram,514576,
9225,001,Family Genealogies,Ingram,409478,
9225,006,George Caley Genealogical Research Files,Insley,514576,
9225,001,Family Genealogies,Jack,409478,
9225,006,George Caley Genealogical Research Files,Jackson,514576,
9225,001,Family Genealogies,"Jackson, Tubbs, Metzler, Barratt, Downs, Layton, Muncy, Register, Wilgus and allied families",511333,7 folders
9225,004,"Rash, Hoffecker, Thomas, and Related Families",Jacob Rash,409490,
9225,002,Conrad - Tatnall Genealogy,"Jacobs, Jacoby",409470,
9225,002,Conrad - Tatnall Genealogy,Jacquet,409470,
9225,001,Family Genealogies,James,409478,
9225,006,George Caley Genealogical Research Files,"James, Davis, Jones, John families",514576,
9225,006,George Caley Genealogical Research Files,Jameson,514576,
9225,001,Family Genealogies,Janvier,409478,
9225,001,Family Genealogies,"Jarrell, Darling",409478,
9225,001,Family Genealogies,"Jarrell, Jerrell",409478,
9225,006,George Caley Genealogical Research Files,"Jarvis, William",514576,
9225,006,George Caley Genealogical Research Files,Jefferies,514576,
9225,001,Family Genealogies,Jefferson,409478,
9225,001,Family Genealogies,Jenkins,472719,
9225,006,George Caley Genealogical Research Files,Jenkins,514576,
9225,001,Family Genealogies,"Jenkins, Hunn",409478,
9225,006,George Caley Genealogical Research Files,Jerman - Baldwin,514576,
9225,004,"Rash, Hoffecker, Thomas, and Related Families",John F. Hoffecker,409490,
9225,006,George Caley Genealogical Research Files,Johnson,514576,
9225,001,Family Genealogies,Johnson,409478,2 folder
9225,006,George Caley Genealogical Research Files,Jones - non-related families,514577,
9225,006,George Caley Genealogical Research Files,Jones and W.M.S. and related familie (Correspondence),514577,
9225,006,George Caley Genealogical Research Files,Jones and W.M.S. and related families,514577,2 folders
9225,006,George Caley Genealogical Research Files,"Jones, Dr. James (AM Rev., Children and some descendents",514577,2 folders
9225,006,George Caley Genealogical Research Files,"Jones, John and Eliz Maloney  (children and descendents)",514577,
9225,001,Family Genealogies,Joseph,409478,
9225,006,George Caley Genealogical Research Files,Jump,514576,
9225,006,George Caley Genealogical Research Files,Kaimbacher,514577,
9225,001,Family Genealogies,"Kello, Joseph",409478,
9225,001,Family Genealogies,"Kelly, Dennis",409478,
9225,006,George Caley Genealogical Research Files,Kent - Wagner,514577,
9225,006,George Caley Genealogical Research Files,Kent County,514577,
9225,001,Family Genealogies,Killen,409478,
9225,006,George Caley Genealogical Research Files,Kimmey,514577,
9225,006,George Caley Genealogical Research Files,"King, James",514577,
9225,001,Family Genealogies,"King, Rosa Lee Fox",409478,
9225,006,George Caley Genealogical Research Files,Kinsey,514577,
9225,006,George Caley Genealogical Research Files,Kitchen,514577,
9225,006,George Caley Genealogical Research Files,Knock,514577,
9225,001,Family Genealogies,Knotts,409478,
9225,006,George Caley Genealogical Research Files,Knowles,514577,
9225,001,Family Genealogies,"Knowles, Richard",409478,
9225,001,Family Genealogies,Knox,409478,
9225,006,George Caley Genealogical Research Files,Kollock,514577,
9225,002,Conrad - Tatnall Genealogy,Kollock,409470,
9225,006,George Caley Genealogical Research Files,Kruson (Cruzen),514577,
9225,006,George Caley Genealogical Research Files,Lacey,514578,
9225,001,Family Genealogies,Lamb,409478,
9225,006,George Caley Genealogical Research Files,Lamb,514578,
9225,006,George Caley Genealogical Research Files,Lampley,514578,
9225,006,George Caley Genealogical Research Files,Lank,514578,
9225,006,George Caley Genealogical Research Files,Lassell,514578,
9225,001,Family Genealogies,"Lathrope, Lothrope",409478,
9225,001,Family Genealogies,Laws,409478,
9225,003,Caleb McGee Genealogy,Laws,409484,
9225,002,Conrad - Tatnall Genealogy,Laws,409470,
9225,001,Family Genealogies,Layton,409478,2 folder
9225,001,Family Genealogies,Lea,409478,
9225,001,Family Genealogies,Lee,409478,
9225,006,George Caley Genealogical Research Files,Lee,514578,
9225,001,Family Genealogies,"Legar, Leager",409478,
9225,006,George Caley Genealogical Research Files,Legates,514578,
9225,001,Family Genealogies,Lenderman,409478,
9225,006,George Caley Genealogical Research Files,Leonard,514578,
9225,006,George Caley Genealogical Research Files,Leverage,514578,
9225,002,Conrad - Tatnall Genealogy,Lewis,409470,
9225,006,George Caley Genealogical Research Files,Lewis,514578,2 folders
9225,000,McCurdy Genealogy,Lewis,409485,
9225,001,Family Genealogies,Lewis,409478,2 folders
9225,000,McCurdy Genealogy,Lewis Correspondence - Anna George to Joseph Lewis: Accounts Joseph Lewis,409486,1838-1839
9225,000,McCurdy Genealogy,"Lewis, Rev. J.I.",409485,Marriages 1844-1871
9225,001,Family Genealogies,"Lincoln, Abraham",409478,
9225,006,George Caley Genealogical Research Files,Lingo,514578,
9225,001,Family Genealogies,Liston,409478,
9225,006,George Caley Genealogical Research Files,Livingston,514578,
9225,000,McCurdy Genealogy,"Lockwood, Lewis",409487,
9225,001,Family Genealogies,Loer,409478,
9225,001,Family Genealogies,Lofland,409478,
9225,001,Family Genealogies,Longfellow,409478,
9225,001,Family Genealogies,Loockerman,409478,
9225,006,George Caley Genealogical Research Files,Loomis,514578,
9225,006,George Caley Genealogical Research Files,Lowber,514578,
9225,002,Conrad - Tatnall Genealogy,Lowber,409470,3 folders
9225,000,McCurdy Genealogy,"Lowber, Lockwood, Manlove, Holland, Burton, Lewes",409485,Genealogical Notebook
9225,000,McCurdy Genealogy,"Lowber, Peter,  House, Frederica",409486,Newspaper Clippings
9225,002,Conrad - Tatnall Genealogy,Lowe,409472,
9225,006,George Caley Genealogical Research Files,Lowman - Pleasanton,514578,
9225,006,George Caley Genealogical Research Files,Lurty (Lerty),514578,
9225,006,George Caley Genealogical Research Files,Lynch,514578,
9225,006,George Caley Genealogical Research Files,Lyon,514578,
9225,002,Conrad - Tatnall Genealogy,Macdonough,409472,
9225,001,Family Genealogies,Mackall,409479,
9225,001,Family Genealogies,"Macklin, Bennum",409479,
9225,001,Family Genealogies,"Maclay, William",409479,
9225,006,George Caley Genealogical Research Files,Mallalieu,514578,
9225,006,George Caley Genealogical Research Files,Manlove,514578,
9225,001,Family Genealogies,Manlove,409479,
9225,006,George Caley Genealogical Research Files,Marcilliott,514578,
9225,006,George Caley Genealogical Research Files,Marim,514578,
9225,006,George Caley Genealogical Research Files,Marine,514578,
9225,002,Conrad - Tatnall Genealogy,Marsh,409472,
9225,001,Family Genealogies,Marsh,409479,
9225,001,Family Genealogies,Marshall,409479,
9225,001,Family Genealogies,"Martin, Sasse",409479,
9225,006,George Caley Genealogical Research Files,Martindale,514578,
9225,001,Family Genealogies,Marvel,409479,3 folders
9225,006,George Caley Genealogical Research Files,"Marvel - Draper, Rooney",514578,
9225,006,George Caley Genealogical Research Files,Marvil,514578,
9225,001,Family Genealogies,Mason,409479,
9225,006,George Caley Genealogical Research Files,Mason,514578,
9225,003,Caleb McGee Genealogy,"Mason, Manlove",409484,
9225,006,George Caley Genealogical Research Files,Masonic Hall,514578,
9225,006,George Caley Genealogical Research Files,Massasoit,514578,
9225,006,George Caley Genealogical Research Files,Massey,514578,
9225,001,Family Genealogies,Mastin,472719,
9225,001,Family Genealogies,"Maud, Fisher, Miers, Draper",472721,
9225,001,Family Genealogies,Maull,409479,
9225,002,Conrad - Tatnall Genealogy,Maull,409472,
9225,006,George Caley Genealogical Research Files,Mayberry,514578,
9225,006,George Caley Genealogical Research Files,McAleer,514579,
9225,006,George Caley Genealogical Research Files,McAlpin,514579,
9225,000,McCurdy Genealogy,McCabe,409485,
9225,006,George Caley Genealogical Research Files,"McCarrow, William",514579,
9225,006,George Caley Genealogical Research Files,"McCommons, Robert L.",514579,
9225,006,George Caley Genealogical Research Files,"McConeghy, Daniel",514579,
9225,006,George Caley Genealogical Research Files,"McCoy - Thomas, Garman",514579,
9225,001,Family Genealogies,McDowells,409479,
9225,006,George Caley Genealogical Research Files,"McElroy, Edward",514579,
9225,003,Caleb McGee Genealogy,McGee,409484,
9225,002,Conrad - Tatnall Genealogy,McKnight,409472,
9225,001,Family Genealogies,McLane,409479,
9225,006,George Caley Genealogical Research Files,McLane American Heritage Book,514579,
9225,006,George Caley Genealogical Research Files,"McLane, Allen",514579,3 folders
9225,006,George Caley Genealogical Research Files,McLaughlin,514588,
9225,006,George Caley Genealogical Research Files,McMullen (McMullin),514579,
9225,006,George Caley Genealogical Research Files,McNatt - Brown,514579,
9225,006,George Caley Genealogical Research Files,"McNeal, Thomas - Davis, Henry, Hutton",514580,
9225,001,Family Genealogies,McSweeney,409479,
9225,001,Family Genealogies,McWilliams,409479,
9225,006,George Caley Genealogical Research Files,Megear,514580,
9225,001,Family Genealogies,Mendenhall,409479,
9225,001,Family Genealogies,Meredith,409479,2 folders
9225,006,George Caley Genealogical Research Files,Meredith,514580,
9225,002,Conrad - Tatnall Genealogy,Meridith,409472,
9225,001,Family Genealogies,Messick,409479,
9225,006,George Caley Genealogical Research Files,Methodist Churches,514580,
9225,001,Family Genealogies,Milby,409480,3 folders
9225,006,George Caley Genealogical Research Files,"Mileham, Samuel",514580,
9225,006,George Caley Genealogical Research Files,"Miles, James (and descendents)",514580,
9225,006,George Caley Genealogical Research Files,"Millaway, Joseph",514580,
9225,006,George Caley Genealogical Research Files,Miller - Hoffecker,514580,
9225,001,Family Genealogies,Millington,472719,
9225,006,George Caley Genealogical Research Files,"Milton United Methodist Church, Woolford, MD",514580,
9225,001,Family Genealogies,Mires - Miers,409481,
9225,006,George Caley Genealogical Research Files,Mitchell,514580,
9225,006,George Caley Genealogical Research Files,Molleston,514580,
9225,006,George Caley Genealogical Research Files,Moody,514580,
9225,001,Family Genealogies,"Moor, Cooper, Sherwood",409481,
9225,001,Family Genealogies,"Moor, Moore",409481,2 folders
9225,006,George Caley Genealogical Research Files,Moore,514580,
9225,002,Conrad - Tatnall Genealogy,"Moore, John Bassett",409472,
9225,006,George Caley Genealogical Research Files,"Moore, John C. and Noah",514580,
9225,006,George Caley Genealogical Research Files,"Moore, Richard",514580,2 folders
9225,001,Family Genealogies,Morgan Family of Sussex County,409481,
9225,001,Family Genealogies,Morris,409481,
9225,006,George Caley Genealogical Research Files,"Morris - Franklin, Walker",514580,
9225,006,George Caley Genealogical Research Files,"Morris, Zadock",514580,
9225,002,Conrad - Tatnall Genealogy,Morrison,409472,
9225,006,George Caley Genealogical Research Files,"Mott, John",514580,
9225,006,George Caley Genealogical Research Files,Mount Zion United Methodist Church,514580,
9225,006,George Caley Genealogical Research Files,Mullinix (Mullenex),514580,
9225,006,George Caley Genealogical Research Files,Muncey (Indian),514581,6 folders
9225,006,George Caley Genealogical Research Files,Muncy,514582,3 folders
9225,006,George Caley Genealogical Research Files,Muncy Genealogy,514582,6 folders
9225,006,George Caley Genealogical Research Files,Muncy Genealogy,514581,2 folders
9225,006,George Caley Genealogical Research Files,Muncy Material (not reports),514581,4 folders
9225,006,George Caley Genealogical Research Files,Mustard - Pope,514582,
9225,004,"Rash, Hoffecker, Thomas, and Related Families",Myers Rash,409490,
9225,003,Caleb McGee Genealogy,Naudain,409484,
9225,001,Family Genealogies,Naudain,409481,
9225,006,George Caley Genealogical Research Files,Naudain (Naudin),514583,
9225,006,George Caley Genealogical Research Files,"Neal, Henry",514583,
9225,006,George Caley Genealogical Research Files,Needle,514583,
9225,006,George Caley Genealogical Research Files,Negrycz,514583,
9225,006,George Caley Genealogical Research Files,"Nelson, Charles W. (Carl W.)",514583,
9225,001,Family Genealogies,New,409481,
9225,001,Family Genealogies,New England Records,409481,
9225,006,George Caley Genealogical Research Files,"Newman, Daniel",514583,
9225,006,George Caley Genealogical Research Files,"Nicholason (Nicholson), John Anthony",514583,
9225,006,George Caley Genealogical Research Files,Nickerson (Nicoson),514583,
9225,006,George Caley Genealogical Research Files,Niemen,514583,
9225,006,George Caley Genealogical Research Files,Nipper,514583,
9225,006,George Caley Genealogical Research Files,"Nixon, Thomas and Richard",514583,
9225,006,George Caley Genealogical Research Files,Noble,514583,
9225,001,Family Genealogies,Nook,409481,
9225,001,Family Genealogies,"North, John and Elizabeth Pogue",472719,family tree
9225,006,George Caley Genealogical Research Files,Nowland (Nolan) - Jones,514583,
9225,001,Family Genealogies,Noxon,409481,
9225,001,Family Genealogies,Ocheltree,409481,
9225,006,George Caley Genealogical Research Files,O'Day,514583,
9225,001,Family Genealogies,"O'Driscoll, Taylor",409481,
9225,006,George Caley Genealogical Research Files,Offley,514583,
9225,001,Family Genealogies,Okey,409481,
9225,006,George Caley Genealogical Research Files,"Okey, Levin",514583,
9225,001,Family Genealogies,Okie,409481,
9225,006,George Caley Genealogical Research Files,Old Soldiers' Home,514583,
9225,006,George Caley Genealogical Research Files,"Oliver, John W.",514583,
9225,006,George Caley Genealogical Research Files,Ordilla,514583,
9225,006,George Caley Genealogical Research Files,Ortlip (Ortlieb),514583,
9225,001,Family Genealogies,Osborn,409481,
9225,006,George Caley Genealogical Research Files,Osborn (Osborne),514583,
9225,006,George Caley Genealogical Research Files,Otwell,514583,
9225,001,Family Genealogies,Outten,409481,
9225,006,George Caley Genealogical Research Files,Pace (Pierce),514583,
9225,006,George Caley Genealogical Research Files,Painting,514583,
9225,006,George Caley Genealogical Research Files,Palmatary,514583,4 folders
9225,006,George Caley Genealogical Research Files,"Pardue - Howell, Rash, Thorel",514583,
9225,002,Conrad - Tatnall Genealogy,"Parke, Shee",409472,
9225,006,George Caley Genealogical Research Files,Parry,514583,
9225,006,George Caley Genealogical Research Files,Parsons,514583,
9225,001,Family Genealogies,Parvis,409481,
9225,006,George Caley Genealogical Research Files,"Passwater, William J.",514583,
9225,006,George Caley Genealogical Research Files,Patchett,514583,
9225,002,Conrad - Tatnall Genealogy,Patton,409472,
9225,006,George Caley Genealogical Research Files,Pearl,514583,
9225,001,Family Genealogies,Pearson,536906,
9225,006,George Caley Genealogical Research Files,"Pennewell (Penual), Lemuel",514583,
9225,006,George Caley Genealogical Research Files,Pennington,514583,
9225,006,George Caley Genealogical Research Files,Pennsylvania Border,514583,
9225,006,George Caley Genealogical Research Files,Pennsylvania Magazine,514583,
9225,001,Family Genealogies,Pepper,409481,
9225,001,Family Genealogies,"Pepper, Marvel, Prettyman, McCaulley, Forbert, Coston",409481,
9225,002,Conrad - Tatnall Genealogy,Perkins,409472,
9225,005,Janice Carper Genealogy,Perkins,510548,
9225,002,Conrad - Tatnall Genealogy,Perrine,409472,
9225,006,George Caley Genealogical Research Files,"Perry, William",514583,
9225,006,George Caley Genealogical Research Files,"Persell (Purcell), Thomas",514583,
9225,001,Family Genealogies,Petit de Manges,409481,
9225,000,McCurdy Genealogy,"Pettyjohn, Pettijohn",409485,
9225,001,Family Genealogies,Phillips,409481,
9225,006,George Caley Genealogical Research Files,"Phillips, Thomas Randolph",514583,
9225,001,Family Genealogies,Pippen,409481,
9225,006,George Caley Genealogical Research Files,Polk,514583,
9225,002,Conrad - Tatnall Genealogy,"Polk, Clayton, Tilghman",409472,
9225,006,George Caley Genealogical Research Files,"Pollock, Joseph - Clark",514583,
9225,006,George Caley Genealogical Research Files,Poor - Davis,514583,
9225,006,George Caley Genealogical Research Files,Pope - Mustard,514583,
9225,001,Family Genealogies,Porter,409481,
9225,006,George Caley Genealogical Research Files,Porter Station Post Card - Reproduction,514583,
9225,001,Family Genealogies,Postles,409481,
9225,001,Family Genealogies,Powell,409481,2 folders
9225,006,George Caley Genealogical Research Files,"Powell, Henry",514583,
9225,006,George Caley Genealogical Research Files,Pratt,514584,3 folders
9225,006,George Caley Genealogical Research Files,Press,514583,
9225,002,Conrad - Tatnall Genealogy,Prettyman,409472,
9225,006,George Caley Genealogical Research Files,"Prettyman, Asbury - Burris",514583,
9225,006,George Caley Genealogical Research Files,Price,514583,
9225,001,Family Genealogies,Price,409482,
9225,003,Caleb McGee Genealogy,Pride,409484,
9225,006,George Caley Genealogical Research Files,Priestly,514584,
9225,006,George Caley Genealogical Research Files,Priestly,514584,
9225,001,Family Genealogies,Purcell,409482,2 folders
9225,002,Conrad - Tatnall Genealogy,Purnell,409472,
9225,006,George Caley Genealogical Research Files,"Purvis, George",514584,
9225,001,Family Genealogies,Pusey,409482,
9225,001,Family Genealogies,Quillen,409482,
9225,001,Family Genealogies,"Radcliff, Samuel Smith",409482,
9225,006,George Caley Genealogical Research Files,Rash,514586,
9225,006,George Caley Genealogical Research Files,Rash,514585,10 folders
9225,006,George Caley Genealogical Research Files,Rash,514584,3 folders
9225,004,"Rash, Hoffecker, Thomas, and Related Families",Rash,409491,3 folders
9225,003,Caleb McGee Genealogy,Rash,409484,
9225,002,Conrad - Tatnall Genealogy,Rash,409472,
9225,006,George Caley Genealogical Research Files,Rash (Helen Spencer's Notes),514586,9 folders
9225,004,"Rash, Hoffecker, Thomas, and Related Families","Rash, North Carolina, and miscellaneous",409490,
9225,006,George Caley Genealogical Research Files,"Rash, Thomas",514587,2 folders
9225,006,George Caley Genealogical Research Files,Rate Information,514587,
9225,006,George Caley Genealogical Research Files,"Ratledge, Mary",514587,
9225,001,Family Genealogies,Rawlins,409482,
9225,001,Family Genealogies,Records,409482,
9225,001,Family Genealogies,Redden,409482,
9225,006,George Caley Genealogical Research Files,Redman,514587,
9225,001,Family Genealogies,Reed,409482,
9225,006,George Caley Genealogical Research Files,Reed-Carey (Pettyjohn),514587,2 folders
9225,001,Family Genealogies,Related Delaware Families of Kent and Sussex Counties 1650-1890,409482,Chart
9225,006,George Caley Genealogical Research Files,"Rennels, John",514587,
9225,006,George Caley Genealogical Research Files,Research Wanted,514587,
9225,006,George Caley Genealogical Research Files,"Reubelle (Tallmadge) Kenndy, Margaret",514587,
9225,006,George Caley Genealogical Research Files,Reynolds,514587,
9225,001,Family Genealogies,Reynolds,409482,
9225,001,Family Genealogies,Ricards,409482,
9225,006,George Caley Genealogical Research Files,Richardson,514587,
9225,001,Family Genealogies,Richter,409482,
9225,006,George Caley Genealogical Research Files,Rickards,514587,
9225,001,Family Genealogies,Ridgely,409482,
9225,006,George Caley Genealogical Research Files,Riggs,514587,
9225,001,Family Genealogies,Robert Clifton family,409474,Felton area
9225,006,George Caley Genealogical Research Files,"Roberts, Zacharia",514587,
9225,006,George Caley Genealogical Research Files,"Robinson, Thomas",514587,
9225,002,Conrad - Tatnall Genealogy,Rodney,409472,
9225,006,George Caley Genealogical Research Files,"Rogers,Clements",514587,
9225,006,George Caley Genealogical Research Files,Rose,514587,
9225,006,George Caley Genealogical Research Files,Ross,514587,
9225,006,George Caley Genealogical Research Files,"Ross, Betsey",514588,
9225,002,Conrad - Tatnall Genealogy,"Ross, William H. (governor)",409472,
9225,001,Family Genealogies,"Rosten, Reston",409482,
9225,001,Family Genealogies,Rowland,409482,
9225,001,Family Genealogies,Rudy,409482,
9225,001,Family Genealogies,Rumford,409482,
9225,006,George Caley Genealogical Research Files,Rutledge - Balremes,514588,
9225,006,George Caley Genealogical Research Files,Ryland,514588,
9225,001,Family Genealogies,Salisbury,409483,
9225,006,George Caley Genealogical Research Files,Salmons - Jones - Hoffecker,514588,
9225,006,George Caley Genealogical Research Files,"Sampson, Richard and Mary",514588,
9225,006,George Caley Genealogical Research Files,"Sanderson, Rev. C. Walter",514588,
9225,006,George Caley Genealogical Research Files,Sapp (Ancestors and Nationalities),514588,
9225,001,Family Genealogies,Sayre,409483,
9225,006,George Caley Genealogical Research Files,"Schooley, William Robert",514588,
9225,006,George Caley Genealogical Research Files,Scott,514588,
9225,006,George Caley Genealogical Research Files,Seaman,514588,
9225,006,George Caley Genealogical Research Files,Seeney (Seney),514588,
9225,006,George Caley Genealogical Research Files,Sentman,514588,
9225,006,George Caley Genealogical Research Files,Settle,514588,
9225,001,Family Genealogies,Sewall,409483,
9225,001,Family Genealogies,"Seymore, Letson and Alston, Toussaint",405086,New York Marriage Returns
9225,006,George Caley Genealogical Research Files,"Shane, Peter and Mary (family)",514588,
9225,006,George Caley Genealogical Research Files,"Sharp, Rev. Solomon",514588,
9225,006,George Caley Genealogical Research Files,"Sharrard, Charles",514588,
9225,001,Family Genealogies,Shee,409483,
9225,001,Family Genealogies,Sherwood,409483,
9225,006,George Caley Genealogical Research Files,"Sherwood, Daniel",514588,
9225,001,Family Genealogies,Short,409483,
9225,006,George Caley Genealogical Research Files,Short,514588,
9225,006,George Caley Genealogical Research Files,Shorts,514588,
9225,006,George Caley Genealogical Research Files,"Shultz (Schultz), Mabel",514588,
9225,001,Family Genealogies,Shute,409483,
9225,006,George Caley Genealogical Research Files,Shutts,514588,
9225,002,Conrad - Tatnall Genealogy,Simpson,409472,
9225,006,George Caley Genealogical Research Files,"Simpson, Mrs. Daisy (August)",514588,
9225,006,George Caley Genealogical Research Files,Sinex,514588,2 folders
9225,001,Family Genealogies,Sinexon,409483,
9225,006,George Caley Genealogical Research Files,Sinnard,514588,
9225,001,Family Genealogies,Sipple,409483,
9225,006,George Caley Genealogical Research Files,Sipple,514588,
9225,001,Family Genealogies,Sipple,472724,
9225,001,Family Genealogies,"Sipple, Pennewill",409483,
9225,006,George Caley Genealogical Research Files,Sisco,514588,
9225,006,George Caley Genealogical Research Files,Skidmore,514588,
9225,002,Conrad - Tatnall Genealogy,Skinner,409472,
9225,006,George Caley Genealogical Research Files,Slack (Slaught),514589,
9225,006,George Caley Genealogical Research Files,Slaughter,514589,
9225,006,George Caley Genealogical Research Files,"Smart, Joshua",514589,
9225,001,Family Genealogies,Smith,409483,3 folders
9225,006,George Caley Genealogical Research Files,Smith,514589,
9225,006,George Caley Genealogical Research Files,"Smith, James (wife Margaret Moore)",514589,
9225,006,George Caley Genealogical Research Files,"Smith, Rosa -""Cemeteries - Dover & Smyrna Areas for Rosa Smith""",514589,
9225,001,Family Genealogies,Smither,409483,
9225,006,George Caley Genealogical Research Files,Smyrna Branch R. R. Closing,514589,
9225,006,George Caley Genealogical Research Files,Smyrna Information,514589,
9225,006,George Caley Genealogical Research Files,Smyrna Opera House,514589,
9225,006,George Caley Genealogical Research Files,Smyrna Postcards,514589,
9225,006,George Caley Genealogical Research Files,Smyrna Town Flag,514589,
9225,006,George Caley Genealogical Research Files,"Smyth, James",514589,
9225,006,George Caley Genealogical Research Files,Snetzier,514589,
9225,006,George Caley Genealogical Research Files,Snow,514589,
9225,006,George Caley Genealogical Research Files,Sorency,514589,
9225,001,Family Genealogies,Spearman,409483,
9225,001,Family Genealogies,Spence,409483,2 folders
9225,001,Family Genealogies,Springer,409483,
9225,006,George Caley Genealogical Research Files,Spruance,514589,
9225,001,Family Genealogies,Spruance,409483,
9225,006,George Caley Genealogical Research Files,"Spry, John",514589,
9225,006,George Caley Genealogical Research Files,Staats,514589,
9225,001,Family Genealogies,Stalcops,409483,
9225,006,George Caley Genealogical Research Files,"Starkey, Levi",514589,
9225,001,Family Genealogies,Starr,409483,
9225,006,George Caley Genealogical Research Files,Start,514589,
9225,006,George Caley Genealogical Research Files,"Steel, James",514589,
9225,001,Family Genealogies,Steen,472719,
9225,006,George Caley Genealogical Research Files,Stephens (Stevens),514589,
9225,006,George Caley Genealogical Research Files,Stephenson,514589,
9225,006,George Caley Genealogical Research Files,Stevenson,514589,2 folders
9225,006,George Caley Genealogical Research Files,"Stewart, Ebe",514589,
9225,001,Family Genealogies,"Stidham, Elliott",409483,
9225,006,George Caley Genealogical Research Files,Stockly (Stockley),514590,
9225,006,George Caley Genealogical Research Files,Stokesbury,514590,3 folders
9225,006,George Caley Genealogical Research Files,"Story, Marmaduke",514590,
9225,006,George Caley Genealogical Research Files,"Strickland, Ephrain",514590,
9225,001,Family Genealogies,Stump,409483,
9225,006,George Caley Genealogical Research Files,"Sturgeon, Mary Ann",514590,
9225,006,George Caley Genealogical Research Files,Sullivan - Freeman Genealogy,514590,
9225,006,George Caley Genealogical Research Files,"Sumption, Thomas",514590,
9225,006,George Caley Genealogical Research Files,Sussex County Research,514590,
9225,006,George Caley Genealogical Research Files,"Sweeney, Bernard",514590,
9225,001,Family Genealogies,Tarbutton,409483,
9225,006,George Caley Genealogical Research Files,Taylor,514590,
9225,006,George Caley Genealogical Research Files,"Taylor Machine Company (G.W. & S. Taylor Machine Company, W. S. Taylor Manufacturing Company)",514590,
9225,001,Family Genealogies,"Teas, Warren, Cirwithen",409483,
9225,005,Janice Carper Genealogy,Terrell,510548,
9225,006,George Caley Genealogical Research Files,"Test, Charles",514590,
9225,001,Family Genealogies,Tharp,409483,
9225,001,Family Genealogies,Thomas,409483,
9225,006,George Caley Genealogical Research Files,Thomas' Chapel,514590,
9225,006,George Caley Genealogical Research Files,Thomas England House,514571,
9225,006,George Caley Genealogical Research Files,Thomas Genealogy,514590,
9225,004,"Rash, Hoffecker, Thomas, and Related Families","Thomas, Rash Related",409490,2 folders
9225,003,Caleb McGee Genealogy,Thompson,409484,
9225,006,George Caley Genealogical Research Files,Thompson,514590,
9225,006,George Caley Genealogical Research Files,"Thomson, Charles (brothers and sisters)",514590,
9225,006,George Caley Genealogical Research Files,"Thorel - Howell, Pardue, Rash",514590,
9225,006,George Caley Genealogical Research Files,"Thornton, Samuel",514590,
9225,006,George Caley Genealogical Research Files,Tilton,514590,
9225,006,George Caley Genealogical Research Files,Title Search,514590,
9225,006,George Caley Genealogical Research Files,"Todd, Mrs. Mabel Helms (ancestors)",514590,
9225,006,George Caley Genealogical Research Files,"Tomlin, Capt. Reuben",514590,
9225,006,George Caley Genealogical Research Files,"Torbert, General Alfred",514590,
9225,000,McCurdy Genealogy,Townleys and Warners,409485,
9225,006,George Caley Genealogical Research Files,Townsend,514591,
9225,001,Family Genealogies,Townsend,523476,
9225,006,George Caley Genealogical Research Files,"Tubman, Harriet (Underground Railroad)",514591,
9225,006,George Caley Genealogical Research Files,Tucker,514591,
9225,006,George Caley Genealogical Research Files,Tuffree,514591,
9225,006,George Caley Genealogical Research Files,Tull - Caley,514591,
9225,002,Conrad - Tatnall Genealogy,Tunnell,409472,
9225,006,George Caley Genealogical Research Files,Tyndall,514591,
9225,006,George Caley Genealogical Research Files,Uric Genealogy,514591,
9225,006,George Caley Genealogical Research Files,Van Gasken Genealogy,514591,
9225,006,George Caley Genealogical Research Files,Van Winkle - Barnes Genealogy,514591,
9225,006,George Caley Genealogical Research Files,Van Winkle Genealogy (children & descendents of James Maloney),514591,2 folders
9225,006,George Caley Genealogical Research Files,"Vanburkalow (Vanburkelow, Vanburkaloe)",514591,
9225,006,George Caley Genealogical Research Files,Vandergrift,514591,
9225,002,Conrad - Tatnall Genealogy,Vandiver,409472,
9225,006,George Caley Genealogical Research Files,Vangesel (Vangezel),514591,
9225,006,George Caley Genealogical Research Files,"Vansant, Cornelius",514591,
9225,002,Conrad - Tatnall Genealogy,Vaughn,409472,
9225,006,George Caley Genealogical Research Files,Vaughn,514591,
9225,006,George Caley Genealogical Research Files,"Vezie, Zadock and family",514591,
9225,001,Family Genealogies,"Vible, Bible",523476,
9225,006,George Caley Genealogical Research Files,Vickory (Vickrey),514591,
9225,006,George Caley Genealogical Research Files,Vincent (Vinson),514591,
9225,006,George Caley Genealogical Research Files,"Von Berkey, Heizer",514591,
9225,001,Family Genealogies,Von Boehmen,523476,
9225,006,George Caley Genealogical Research Files,Voshell,514591,
9225,006,George Caley Genealogical Research Files,Walker,514592,
9225,001,Family Genealogies,Walker,523476,
9225,006,George Caley Genealogical Research Files,Wall,514592,
9225,006,George Caley Genealogical Research Files,Wallace,514592,
9225,001,Family Genealogies,Wallace,523476,
9225,006,George Caley Genealogical Research Files,Waller,514592,
9225,001,Family Genealogies,Waller,523476,2 folder
9225,001,Family Genealogies,Walls,523476,
9225,006,George Caley Genealogical Research Files,Walls,514592,
9225,001,Family Genealogies,Waples,523476,
9225,002,Conrad - Tatnall Genealogy,"Warner, William",409472,
9225,006,George Caley Genealogical Research Files,"Watkins, Peter",514592,
9225,001,Family Genealogies,Watson,523476,
9225,006,George Caley Genealogical Research Files,"Watson, Lindal Edward",514592,
9225,006,George Caley Genealogical Research Files,"Webb, David",514592,
9225,006,George Caley Genealogical Research Files,Webber,514592,
9225,001,Family Genealogies,"Webster, Abbott, Barlow, Pyle, Dutton, Zebley",523476,
9225,006,George Caley Genealogical Research Files,Weldon (Whealdon),514592,
9225,001,Family Genealogies,Wells,523476,3 folders
9225,006,George Caley Genealogical Research Files,Wells,514592,
9225,002,Conrad - Tatnall Genealogy,Welsh,409472,
9225,001,Family Genealogies,West,523476,
9225,006,George Caley Genealogical Research Files,West,514592,
9225,001,Family Genealogies,"West, Hopper",523476,
9225,001,Family Genealogies,Whaley,523476,
9225,001,Family Genealogies,Wharton,523476,
9225,006,George Caley Genealogical Research Files,"Wharton, Aaron",514592,
9225,006,George Caley Genealogical Research Files,"Wheeldon, John",514592,
9225,002,Conrad - Tatnall Genealogy,White,409472,
9225,006,George Caley Genealogical Research Files,White,514592,
9225,001,Family Genealogies,Whiteside,523476,cd
9225,006,George Caley Genealogical Research Files,"Whitlock, Willima W.",514592,
9225,006,George Caley Genealogical Research Files,"Wiggins, Charles",514592,
9225,006,George Caley Genealogical Research Files,Wiles (Wilds),514592,
9225,006,George Caley Genealogical Research Files,Wilhelm - Haines,514592,
9225,006,George Caley Genealogical Research Files,Wilkinson,514592,
9225,001,Family Genealogies,Williams,523476,
9225,006,George Caley Genealogical Research Files,Williams,514592,
9225,001,Family Genealogies,"Williams, Clayton",523476,
9225,006,George Caley Genealogical Research Files,"Williams, Jacob Genealogy",514592,
9225,006,George Caley Genealogical Research Files,"Williamson, Anne (Brown,Anne)",514592,
9225,006,George Caley Genealogical Research Files,"Willis, William (and 2 wives, Elizabeth Porter and Gertrude Bennett)",514592,
9225,006,George Caley Genealogical Research Files,"Wilmer, Col. Edwin (Portraits, etc.)",514592,
9225,006,George Caley Genealogical Research Files,Wilson,514592,
9225,006,George Caley Genealogical Research Files,Wilson - Wilmer Genealogy,514592,
9225,002,Conrad - Tatnall Genealogy,Wiltbank,409472,
9225,001,Family Genealogies,Wiltsee,523476,
9225,001,Family Genealogies,"Windsor, Phillip",523476,
9225,006,George Caley Genealogical Research Files,Winford,514592,
9225,001,Family Genealogies,Winsmore,523476,
9225,002,Conrad - Tatnall Genealogy,Wolfe,409472,
9225,006,George Caley Genealogical Research Files,"Wood, William",514592,
9225,006,George Caley Genealogical Research Files,Woodie (Woodell),514592,
9225,006,George Caley Genealogical Research Files,Woodland Beach Information,514592,
9225,006,George Caley Genealogical Research Files,Woollen,514592,
9225,001,Family Genealogies,Worcester County Coffins,523476,
9225,001,Family Genealogies,Workman,523476,
9225,001,Family Genealogies,Worthington,523476,
9225,006,George Caley Genealogical Research Files,"Wright, John (descendents to the 4th generation)",514592,
9225,000,McCurdy Genealogy,Wrixham,409485,
9225,006,George Caley Genealogical Research Files,"Wynne, Peter",514592,
9225,001,Family Genealogies,"York, Robeson",523476,
9225,006,George Caley Genealogical Research Files,Young,514592,
9225,001,Family Genealogies,Young,523476,
9225,002,Conrad - Tatnall Genealogy,Young,409472,
9225,006,George Caley Genealogical Research Files,Zeiss,514592,
9225,001,Family Genealogies,Zelefro,523476,